Event,Start Date,Start Time,End Date,End Time,Location,Category,Description
Men's Basketball at  Université Laval,8/2/17,4:00 PM,8/2/17,7:00 PM,,Men's Basketball,Men's Basketball at  Université Laval 
Men's Basketball at  UQAM,8/3/17,4:00 PM,8/3/17,7:00 PM,,Men's Basketball,Men's Basketball at  UQAM 
Men's Basketball at  QC United,8/5/17,10:00 AM,8/5/17,1:00 PM,,Men's Basketball,Men's Basketball at  QC United 
Men's Soccer at  San Diego (Exhibition),8/12/17,7:00 PM,8/12/17,10:00 PM,"San Diego, CA",Men's Soccer,"Men's Soccer at  San Diego (Exhibition) San Diego, CA"
Men's Soccer at  California Baptist University (Exhibition),8/15/17,5:00 PM,8/15/17,8:00 PM,"Riverside, CA",Men's Soccer,"Men's Soccer at  California Baptist University (Exhibition) Riverside, CA"
Women's Soccer vs  Southern Utah,8/18/17,7:30 PM,8/18/17,10:30 PM,"Riverside, CA",Women's Soccer,"Women's Soccer vs  Southern Utah Riverside, CA"
Men's Soccer vs  UNLV (Exhibition),8/19/17,7:30 PM,8/19/17,10:30 PM,"Riverside, CA",Men's Soccer,"Men's Soccer vs  UNLV (Exhibition) Riverside, CA"
Women's Soccer vs  Idaho,8/20/17,7:30 PM,8/20/17,10:30 PM,"Riverside, CA",Women's Soccer,"Women's Soccer vs  Idaho Riverside, CA"
Women's Volleyball vs  Alumni,8/20/17,1:30 PM,8/20/17,4:30 PM,"Riverside, CA",Women's Volleyball,"Women's Volleyball vs  Alumni Riverside, CA"
Women's Soccer at  Denver,8/25/17,4:00 PM,8/25/17,7:00 PM,"Denver, CO",Women's Soccer,"Women's Soccer at  Denver Denver, CO"
Men's Soccer at  CSU Bakersfield,8/25/17,7:00 PM,8/25/17,10:00 PM,"Bakersfield, CA",Men's Soccer,"Men's Soccer at  CSU Bakersfield Bakersfield, CA"
Women's Volleyball vs  Fairleigh Dickinson,8/25/17,5:00 PM,8/25/17,5:00 PM,"Fullerton, CA",Women's Volleyball,"Women's Volleyball vs  Fairleigh Dickinson Fullerton, CA"
Women's Volleyball vs  Bryant,8/26/17,11:00 AM,8/26/17,2:00 PM,"Fullerton, CA",Women's Volleyball,"Women's Volleyball vs  Bryant Fullerton, CA"
Women's Volleyball vs  Drake,8/26/17,7:30 PM,8/26/17,10:30 PM,"Fullerton, CA",Women's Volleyball,"Women's Volleyball vs  Drake Fullerton, CA"
Women's Soccer at  Colorado,8/27/17,12:00 PM,8/27/17,3:00 PM,"Boulder, CO",Women's Soccer,"Women's Soccer at  Colorado Boulder, CO"
Women's Soccer vs  Toledo,9/1/17,7:30 PM,9/1/17,10:30 PM,"Riverside, CA",Women's Soccer,"Women's Soccer vs  Toledo Riverside, CA"
Women's Volleyball vs  Chicago State,9/1/17,12:00 PM,9/1/17,3:00 PM,"Riverside, CA",Women's Volleyball,"Women's Volleyball vs  Chicago State Riverside, CA"
Women's Volleyball vs  San Jose State,9/1/17,5:00 PM,9/1/17,8:00 PM,"Riverside, CA",Women's Volleyball,"Women's Volleyball vs  San Jose State Riverside, CA"
Men's Soccer at  Gonzaga,9/1/17,7:00 PM,9/1/17,10:00 PM,"Spokane, WA",Men's Soccer,"Men's Soccer at  Gonzaga Spokane, WA"
Women's Cross Country  Nature's Bakery Nevada Twilight Classic,9/1/17,8:40 PM,9/1/17,11:40 PM,"Sparks, NV",Women's Cross Country,"Women's Cross Country  Nature's Bakery Nevada Twilight Classic Sparks, NV"
Men's Cross Country  Nature's Bakery Nevada Twilight Classic,9/1/17,9:20 PM,9/2/17,12:30 AM,"Sparks, NV",Men's Cross Country,"Men's Cross Country  Nature's Bakery Nevada Twilight Classic Sparks, NV"
Women's Volleyball vs  Chicago State vs Southern Utah,9/2/17,1:00 PM,9/2/17,3:00 PM,"Riverside, CA ",Women's Volleyball,"Women's Volleyball vs  Chicago State vs Southern Utah Riverside, CA "
Women's Volleyball vs  Howard,9/2/17,8:00 PM,9/2/17,11:00 PM,"Riverside, CA",Women's Volleyball,"Women's Volleyball vs  Howard Riverside, CA"
Men's Soccer vs  Oregon State,9/3/17,11:00 AM,9/3/17,2:00 PM,"Spokane, WA",Men's Soccer,"Men's Soccer vs  Oregon State Spokane, WA"
Women's Soccer vs  Penn,9/3/17,7:00 PM,9/3/17,10:00 PM,"Riverside, CA",Women's Soccer,"Women's Soccer vs  Penn Riverside, CA"
Women's Soccer vs  Grambling State,9/8/17,3:30 PM,9/8/17,6:30 PM,"Moraga, CA",Women's Soccer,"Women's Soccer vs  Grambling State Moraga, CA"
Men's Soccer at  Omaha,9/8/17,5:30 PM,9/8/17,8:30 PM,"Omaha, NE",Men's Soccer,"Men's Soccer at  Omaha Omaha, NE"
Women's Volleyball vs  Texas Rio Grande Valley,9/8/17,8:00 AM,9/8/17,11:00 AM,"Lubbock, TX",Women's Volleyball,"Women's Volleyball vs  Texas Rio Grande Valley Lubbock, TX"
Women's Volleyball at  Texas Tech,9/8/17,4:00 PM,9/8/17,7:00 PM,"Lubbock, TX",Women's Volleyball,"Women's Volleyball at  Texas Tech Lubbock, TX"
Women's Volleyball vs  Lamar,9/9/17,9:00 AM,9/9/17,12:00 PM,"Lubbock, TX",Women's Volleyball,"Women's Volleyball vs  Lamar Lubbock, TX"
Women's Soccer at  Saint Mary's,9/10/17,3:30 PM,9/10/17,6:30 PM,"Moraga, CA",Women's Soccer,"Women's Soccer at  Saint Mary's Moraga, CA"
Men's Soccer at  Grand Canyon,9/14/17,7:00 PM,9/14/17,10:00 PM,"Phoenix, AZ",Men's Soccer,"Men's Soccer at  Grand Canyon Phoenix, AZ"
Women's Volleyball vs  San Diego State,9/15/17,2:00 PM,9/15/17,5:00 PM,"Denver, CO",Women's Volleyball,"Women's Volleyball vs  San Diego State Denver, CO"
Women's Soccer at  Fresno State,9/15/17,7:00 PM,9/15/17,10:00 PM,"Fresno, CA",Women's Soccer,"Women's Soccer at  Fresno State Fresno, CA"
Women's Volleyball at  Denver,9/16/17,11:30 AM,9/16/17,2:30 PM,"Denver, CO",Women's Volleyball,"Women's Volleyball at  Denver Denver, CO"
Women's Volleyball vs  Gonzaga,9/16/17,3:00 PM,9/16/17,6:00 PM,"Denver, CO",Women's Volleyball,"Women's Volleyball vs  Gonzaga Denver, CO"
Women's Cross Country  UC Riverside Invitational,9/16/17,7:30 AM,9/16/17,10:30 AM,"Riverside, CA",Women's Cross Country,"Women's Cross Country  UC Riverside Invitational Riverside, CA"
Men's Cross Country  UC Riverside Invitational,9/16/17,8:05 AM,9/16/17,11:05 AM,"Riverside, CA",Men's Cross Country,"Men's Cross Country  UC Riverside Invitational Riverside, CA"
Men's Soccer vs  Vermont,9/17/17,11:00 AM,9/17/17,2:00 PM,"Riverside, CA",Men's Soccer,"Men's Soccer vs  Vermont Riverside, CA"
Women's Soccer at  UNLV,9/17/17,4:00 PM,9/17/17,7:00 PM,"Las Vegas, NV",Women's Soccer,"Women's Soccer at  UNLV Las Vegas, NV"
Women's Volleyball vs  Long Beach State,9/19/17,7:00 PM,9/19/17,10:00 PM,"Riverside, CA",Women's Volleyball,"Women's Volleyball vs  Long Beach State Riverside, CA"
Women's Volleyball at  UC Santa Barbara,9/22/17,7:00 PM,9/22/17,10:00 PM,"Santa Barbara, CA",Women's Volleyball,"Women's Volleyball at  UC Santa Barbara Santa Barbara, CA"
Women's Soccer vs  San Francisco,9/22/17,7:00 PM,9/22/17,10:00 PM,"Riverside, CA",Women's Soccer,"Women's Soccer vs  San Francisco Riverside, CA"
Women's Volleyball at  Cal Poly,9/23/17,4:30 PM,9/23/17,8:00 PM,"San Luis Obispo, CA",Women's Volleyball,"Women's Volleyball at  Cal Poly San Luis Obispo, CA"
Men's Soccer at  Loyola Marymount,9/24/17,1:00 PM,9/24/17,4:00 PM,"Los Angeles, CA",Men's Soccer,"Men's Soccer at  Loyola Marymount Los Angeles, CA"
Women's Soccer at  CSU Bakersfield,9/24/17,6:00 PM,9/24/17,9:00 PM,"Bakersfield, CA",Women's Soccer,"Women's Soccer at  CSU Bakersfield Bakersfield, CA"
Women's Golf  Golfweek Conference Challenge,9/25/17, PM,9/26/17,11:59 PM,"Vail, CO",Women's Golf,"Women's Golf  Golfweek Conference Challenge Vail, CO"
Men's Golf  Colorado Invitational,9/25/17, PM,9/25/17,11:59 PM,"Denver, CO",Men's Golf,"Men's Golf  Colorado Invitational Denver, CO"
Men's Soccer at  Cal Poly,9/28/17,7:00 PM,9/28/17,10:00 PM,"San Luis Obispo, CA",Men's Soccer,"Men's Soccer at  Cal Poly San Luis Obispo, CA"
Men's Cross Country  Joe Piane Invitational,9/29/17,11:00 AM,9/29/17,2:00 PM,"South Bend, IN",Men's Cross Country,"Men's Cross Country  Joe Piane Invitational South Bend, IN"
Women's Cross Country  Joe Piane Invitational,9/29/17,11:00 AM,9/29/17,2:00 PM,"South Bend, Ind.",Women's Cross Country,"Women's Cross Country  Joe Piane Invitational South Bend, Ind."
Women's Soccer at  UC Santa Barbara,9/29/17,7:00 PM,9/29/17,10:00 PM,"Santa Barbara, CA",Women's Soccer,"Women's Soccer at  UC Santa Barbara Santa Barbara, CA"
Men's Soccer at  UC Santa Barbara,9/30/17,7:00 PM,9/30/17,10:00 PM,"Santa Barbara, CA",Men's Soccer,"Men's Soccer at  UC Santa Barbara Santa Barbara, CA"
Women's Volleyball vs  Hawaii,9/30/17,7:00 PM,9/30/17,10:00 PM,"Riverside, CA",Women's Volleyball,"Women's Volleyball vs  Hawaii Riverside, CA"
Women's Golf  Wyoming Desert Intercollegiate,9/30/17, PM,9/30/17,11:59 PM,"Palm Desert, CA",Women's Golf,"Women's Golf  Wyoming Desert Intercollegiate Palm Desert, CA"
Women's Soccer at  Cal Poly,10/1/17,12:00 PM,10/1/17,3:00 PM,"San Luis Obispo, CA",Women's Soccer,"Women's Soccer at  Cal Poly San Luis Obispo, CA"
Men's Golf  Nick Watney Invitational,10/2/17, PM,10/2/17,11:59 PM,"Fresno, CA",Men's Golf,"Men's Golf  Nick Watney Invitational Fresno, CA"
General vs  Coaches' Show,10/4/17,6-7 pm,10/4/17,3:00 AM,Cask & Cleaver,General,General vs  Coaches' Show Cask & Cleaver
Women's Soccer vs  Cal State Fullerton,10/5/17,5:00 PM,10/5/17,8:00 PM,"Riverside, CA",Women's Soccer,"Women's Soccer vs  Cal State Fullerton Riverside, CA"
Men's Soccer vs  Sacramento State,10/5/17,8:00 PM,10/5/17,11:00 PM,"Riverside, CA",Men's Soccer,"Men's Soccer vs  Sacramento State Riverside, CA"
Women's Tennis vs  Long Beach State,10/6/17,All Day PM,10/7/17,11:59 PM,"Long Beach, CA",Women's Tennis,"Women's Tennis vs  Long Beach State Long Beach, CA"
Women's Volleyball vs  Cal State Fullerton,10/7/17,4:00 PM,10/7/17,7:00 PM,"Riverside, CA",Women's Volleyball,"Women's Volleyball vs  Cal State Fullerton Riverside, CA"
Men's Soccer vs  UC Davis,10/7/17,7:00 PM,10/7/17,10:00 PM,"Riverside, CA",Men's Soccer,"Men's Soccer vs  UC Davis Riverside, CA"
Women's Golf  New Mexico State Aggie Invitational,10/9/17, PM,10/10/17,11:59 PM,"Las Cruces, NM",Women's Golf,"Women's Golf  New Mexico State Aggie Invitational Las Cruces, NM"
Men's Soccer at  UC Irvine,10/11/17,7:00 PM,10/11/17,10:00 PM,"Irvine, CA",Men's Soccer,"Men's Soccer at  UC Irvine Irvine, CA"
Women's Soccer vs  CSUN,10/12/17,7:00 PM,10/12/17,10:00 PM,"Riverside, CA",Women's Soccer,"Women's Soccer vs  CSUN Riverside, CA"
Women's Volleyball vs  UC Davis,10/13/17,7:00 PM,10/13/17,10:00 PM,"Riverside, CA",Women's Volleyball,"Women's Volleyball vs  UC Davis Riverside, CA"
Men's Cross Country  Highlander Invitational,10/14/17,8:00 AM,10/14/17,11:00 AM,"Riverside, CA",Men's Cross Country,"Men's Cross Country  Highlander Invitational Riverside, CA"
Women's Volleyball at  UC Irvine,10/14/17,7:00 PM,10/14/17,10:00 PM,"Irvine, CA",Women's Volleyball,"Women's Volleyball at  UC Irvine Irvine, CA"
Men's Soccer vs  Cal State Fullerton,10/14/17,7:00 PM,10/14/17,10:00 PM,"Riverside, CA",Men's Soccer,"Men's Soccer vs  Cal State Fullerton Riverside, CA"
Women's Cross Country  Highlander invitational,10/14/17,8:30 AM,10/14/17,11:00 AM,"Riverside, CA",Women's Cross Country,"Women's Cross Country  Highlander invitational Riverside, CA"
Women's Soccer at  UC Irvine,10/15/17,2:00 PM,10/15/17,5:00 PM,"Irvine, CA",Women's Soccer,"Women's Soccer at  UC Irvine Irvine, CA"
Men's Golf  Bill Cullum Intercollegiate,10/16/17, PM,10/16/17,11:59 PM,"Simi Valley, CA",Men's Golf,"Men's Golf  Bill Cullum Intercollegiate Simi Valley, CA"
Men's Soccer at  CSUN,10/18/17,7:00 PM,10/18/17,10:00 PM,"Northridge, CA",Men's Soccer,"Men's Soccer at  CSUN Northridge, CA"
Women's Tennis vs  ITA West Regional Tournament,10/19/17,All Day PM,10/22/17,11:59 PM,"San Diego, CA",Women's Tennis,"Women's Tennis vs  ITA West Regional Tournament San Diego, CA"
Women's Volleyball at  Hawaii,10/20/17,10:00 PM,10/21/17,1:00 AM,"Honolulu, HI",Women's Volleyball,"Women's Volleyball at  Hawaii Honolulu, HI"
Men's Soccer at  Cal State Fullerton,10/21/17,7:00 PM,10/21/17,10:00 PM,"Fullerton, CA",Men's Soccer,"Men's Soccer at  Cal State Fullerton Fullerton, CA"
Women's Soccer at  Long Beach State,10/22/17,6:00 PM,10/22/17,9:00 PM,"Long Beach, CA",Women's Soccer,"Women's Soccer at  Long Beach State Long Beach, CA"
Women's Golf  UNLV,10/22/17, PM,10/23/17,11:59 PM,"Las Vegas, NV",Women's Golf,"Women's Golf  UNLV Las Vegas, NV"
Men's Soccer vs  UC Irvine,10/25/17,7:00 PM,10/25/17,10:00 PM,"Riverside, CA",Men's Soccer,"Men's Soccer vs  UC Irvine Riverside, CA"
Women's Soccer vs  UC Davis,10/26/17,7:00 PM,10/26/17,10:00 PM,"Riverside, CA",Women's Soccer,"Women's Soccer vs  UC Davis Riverside, CA"
Men's Golf  Pacific Invitational,10/26/17, PM,10/27/17,11:59 PM,"Stockton, CA",Men's Golf,"Men's Golf  Pacific Invitational Stockton, CA"
Women's Basketball vs  Cal State San Marcos (Exhibition),10/27/17,7:00 PM,10/27/17,10:00 PM,,Women's Basketball,Women's Basketball vs  Cal State San Marcos (Exhibition) 
Women's Volleyball at  Cal State Fullerton,10/28/17,4:00 PM,10/28/17,7:00 PM,"Fullerton, CA",Women's Volleyball,"Women's Volleyball at  Cal State Fullerton Fullerton, CA"
Men's Soccer vs  CSUN,10/28/17,7:00 PM,10/28/17,10:00 PM,"Riverside, CA",Men's Soccer,"Men's Soccer vs  CSUN Riverside, CA"
Women's Cross Country  Big West Conference Championship,10/28/17,8:30 AM,10/28/17,11:30 AM,"Riverside, CA",Women's Cross Country,"Women's Cross Country  Big West Conference Championship Riverside, CA"
Men's Cross Country  Big West Conference Championship,10/28/17,9:15 AM,10/28/17,12:15 PM,"Riverside, CA",Men's Cross Country,"Men's Cross Country  Big West Conference Championship Riverside, CA"
Women's Soccer vs  Hawai'i,10/29/17,2:00 PM,10/29/17,5:00 PM,"Riverside, CA",Women's Soccer,"Women's Soccer vs  Hawai'i Riverside, CA"
Women's Golf  UC Irvine Anteater Invitational,10/30/17, PM,10/30/17,11:59 PM,"Santa Ana, CA",Women's Golf,"Women's Golf  UC Irvine Anteater Invitational Santa Ana, CA"
Men's Soccer at  UC Santa Barbara (BWT 1st Rd),11/1/17,7:00 PM,11/1/17,10:00 PM,"Santa Barbara, CA",Men's Soccer,"Men's Soccer at  UC Santa Barbara (BWT 1st Rd) Santa Barbara, CA"
General vs  Coaches' Show,11/1/17,6-7 pm,11/1/17,3:00 AM,Lake Alice Trading Company,General,General vs  Coaches' Show Lake Alice Trading Company
Women's Volleyball vs  UC Irvine,11/2/17,7:00 PM,11/2/17,10:00 PM,"Riverside, CA",Women's Volleyball,"Women's Volleyball vs  UC Irvine Riverside, CA"
Women's Soccer vs  CSUN (BWT Semis),11/2/17,7:30 PM,11/2/17,10:30 PM,"Northridge, CA",Women's Soccer,"Women's Soccer vs  CSUN (BWT Semis) Northridge, CA"
Women's Tennis vs  Kramer Fall Tournament,11/2/17,All Day PM,11/3/17,11:59 PM,"Rolling Hills Estates, CA",Women's Tennis,"Women's Tennis vs  Kramer Fall Tournament Rolling Hills Estates, CA"
Men's Basketball vs  Stanislaus State (Exhibition),11/4/17,2:00 PM,11/4/17,5:00 PM,,Men's Basketball,Men's Basketball vs  Stanislaus State (Exhibition) 
Women's Basketball vs  California Baptist University (Exhibition),11/4/17,6:00 PM,11/4/17,9:00 PM,"Riverside, CA",Women's Basketball,"Women's Basketball vs  California Baptist University (Exhibition) Riverside, CA"
Women's Volleyball at  UC Davis,11/4/17,7:00 PM,11/4/17,10:00 PM,"Davis, CA",Women's Volleyball,"Women's Volleyball at  UC Davis Davis, CA"
Men's Soccer at  Cal State Fullerton (BWT Semifinals),11/4/17,7:00 PM,11/4/17,10:00 PM,"Fullerton, CA",Men's Soccer,"Men's Soccer at  Cal State Fullerton (BWT Semifinals) Fullerton, CA"
Men's Tennis vs  Alumni,11/4/17,10:00 AM,11/4/17,1:00 PM,Student Recreation Center,Men's Tennis,Men's Tennis vs  Alumni Student Recreation Center
Women's Volleyball at  Long Beach State,11/10/17,7:00 PM,11/10/17,10:00 PM,"Long Beach, CA",Women's Volleyball,"Women's Volleyball at  Long Beach State Long Beach, CA"
Women's Basketball vs  Loyola Marymount,11/10/17,7:00 PM,11/10/17,10:00 PM,"Riverside, CA",Women's Basketball,"Women's Basketball vs  Loyola Marymount Riverside, CA"
Men's Basketball at  Cal,11/10/17,9:00 PM,11/10/17,11:59 PM,"Berkeley, CA",Men's Basketball,"Men's Basketball at  Cal Berkeley, CA"
Women's Tennis vs  CSUN Fall Invitational,11/10/17,All Day PM,11/11/17,11:59 PM,"Northridge, CA",Women's Tennis,"Women's Tennis vs  CSUN Fall Invitational Northridge, CA"
Women's Cross Country  NCAA West Regional Championships,11/10/17,TBD PM,11/10/17,3:00 AM,"Seattle, WA",Women's Cross Country,"Women's Cross Country  NCAA West Regional Championships Seattle, WA"
Men's Cross Country  NCAA West Regional Championships,11/10/17,TBD PM,11/10/17,3:00 AM,"Seattle, WA",Men's Cross Country,"Men's Cross Country  NCAA West Regional Championships Seattle, WA"
Women's Volleyball at  CSUN,11/11/17,7:00 PM,11/11/17,10:00 PM,"Northridge, CA",Women's Volleyball,"Women's Volleyball at  CSUN Northridge, CA"
Women's Basketball vs  USC,11/13/17,7:00 PM,11/13/17,10:00 PM,"Riverside, CA",Women's Basketball,"Women's Basketball vs  USC Riverside, CA"
Men's Basketball at  LMU,11/15/17,7:00 PM,11/15/17,10:00 PM,"Los Angeles, CA ",Men's Basketball,"Men's Basketball at  LMU Los Angeles, CA "
Women's Basketball at  #14 Stanford,11/17/17,7:00 PM,11/17/17,10:00 PM,"Stanford, CA",Women's Basketball,"Women's Basketball at  #14 Stanford Stanford, CA"
Women's Volleyball vs  Cal Poly,11/17/17,7:00 PM,11/17/17,10:00 PM,"Riverside, CA",Women's Volleyball,"Women's Volleyball vs  Cal Poly Riverside, CA"
Men's Basketball vs  Portland State ,11/18/17,4:00 PM,11/18/17,7:00 PM,,Men's Basketball,Men's Basketball vs  Portland State  
Women's Volleyball vs  UC Santa Barbara,11/18/17,7:30 PM,11/18/17,10:30 PM,"Riverside, CA",Women's Volleyball,"Women's Volleyball vs  UC Santa Barbara Riverside, CA"
Men's Cross Country  NCAA National Championships,11/18/17,TBD PM,11/18/17,3:00 AM,"Louisville, KY",Men's Cross Country,"Men's Cross Country  NCAA National Championships Louisville, KY"
Women's Cross Country  NCAA National Championships,11/18/17,TBD PM,11/18/17,3:00 AM,"Louisville, KY",Women's Cross Country,"Women's Cross Country  NCAA National Championships Louisville, KY"
Women's Basketball at  Fresno State,11/19/17,2:00 PM,11/19/17,5:00 PM,"Fresno, CA",Women's Basketball,"Women's Basketball at  Fresno State Fresno, CA"
Women's Volleyball vs  CSUN,11/21/17,7:00 PM,11/21/17,10:00 PM,"Riverside, CA",Women's Volleyball,"Women's Volleyball vs  CSUN Riverside, CA"
Men's Basketball vs  Western New Mexico,11/22/17,7:00 PM,11/22/17,10:00 PM,,Men's Basketball,Men's Basketball vs  Western New Mexico 
Women's Basketball at  SMU,11/24/17,4:30 PM,11/24/17,7:30 PM,"Reno, NV",Women's Basketball,"Women's Basketball at  SMU Reno, NV"
Women's Basketball vs  Sacramento State,11/26/17,11:00 AM,11/26/17,2:00 PM,"Reno, NV",Women's Basketball,"Women's Basketball vs  Sacramento State Reno, NV"
Men's Basketball at  Michigan,11/26/17,1:00 PM,11/26/17,4:00 PM,"Ann Arbor, MI",Men's Basketball,"Men's Basketball at  Michigan Ann Arbor, MI"
Women's Basketball at  #7 UCLA,11/28/17,7:00 PM,11/28/17,10:00 PM,"Los Angeles, CA",Women's Basketball,"Women's Basketball at  #7 UCLA Los Angeles, CA"
Men's Basketball vs  Pacific,11/30/17,7:00 PM,11/30/17,10:00 PM,,Men's Basketball,Men's Basketball vs  Pacific 
Women's Basketball vs  UNLV,12/2/17,10:30 AM,12/2/17,1:30 PM,"Tempe, AZ",Women's Basketball,"Women's Basketball vs  UNLV Tempe, AZ"
Men's Basketball at  Grand Canyon,12/2/17,6:00 PM,12/2/17,9:00 PM,"Phoenix, AZ",Men's Basketball,"Men's Basketball at  Grand Canyon Phoenix, AZ"
Women's Basketball at  Arizona State,12/3/17,1:30 PM,12/3/17,4:30 PM,"Tempe, AZ",Women's Basketball,"Women's Basketball at  Arizona State Tempe, AZ"
Men's Basketball at  Pepperdine,12/5/17,7:00 PM,12/5/17,10:00 PM,"Malibu, CA",Men's Basketball,"Men's Basketball at  Pepperdine Malibu, CA"
Women's Basketball vs  CSU Bakersfield,12/6/17,11:00 AM,12/6/17,2:00 PM,"Riverside, CA",Women's Basketball,"Women's Basketball vs  CSU Bakersfield Riverside, CA"
General vs  Coaches' Show,12/6/17,6-7 pm,12/6/17,3:00 AM,Lake Alice Trading Company,General,General vs  Coaches' Show Lake Alice Trading Company
Men's Basketball vs  Air Force,12/8/17,7:00 PM,12/8/17,10:00 PM,,Men's Basketball,Men's Basketball vs  Air Force 
Women's Basketball at  Iowa State,12/17/17,12:00 PM,12/17/17,3:00 PM,"Ames, IA",Women's Basketball,"Women's Basketball at  Iowa State Ames, IA"
Men's Basketball at  Montana,12/17/17,12:00 PM,12/17/17,3:00 PM,"Missoula, MT",Men's Basketball,"Men's Basketball at  Montana Missoula, MT"
Women's Basketball at  South Dakota,12/19/17,5:00 PM,12/19/17,8:00 PM,"Vermillion, SD",Women's Basketball,"Women's Basketball at  South Dakota Vermillion, SD"
Men's Basketball vs  Valparaiso,12/20/17,7:00 PM,12/20/17,10:00 PM,,Men's Basketball,Men's Basketball vs  Valparaiso 
Women's Basketball at  Minnesota,12/22/17,11:00 AM,12/22/17,2:00 PM,"Minneapolis, MN",Women's Basketball,"Women's Basketball at  Minnesota Minneapolis, MN"
Men's Basketball vs  UC Merced,12/22/17,7:00 PM,12/22/17,10:00 PM,,Men's Basketball,Men's Basketball vs  UC Merced 
Men's Basketball at  Utah Valley,12/28/17,6:00 PM,12/28/17,9:00 PM,"Orem, UT",Men's Basketball,"Men's Basketball at  Utah Valley Orem, UT"
Men's Basketball at  Seattle,12/30/17,1:00 PM,12/30/17,4:00 PM,"Seattle, WA",Men's Basketball,"Men's Basketball at  Seattle Seattle, WA"
Women's Basketball vs  UTEP,12/30/17,5:00 PM,12/30/17,8:00 PM,"Riverside, CA",Women's Basketball,"Women's Basketball vs  UTEP Riverside, CA"
Men's Basketball at  Cal State Fullerton,1/3/18,7:00 PM,1/3/18,10:00 PM,"Fullerton, CA",Men's Basketball,"Men's Basketball at  Cal State Fullerton Fullerton, CA"
General vs  Coaches' Show,1/3/18,6-7 pm,1/3/18,3:00 AM,Lake Alice Trading Company,General,General vs  Coaches' Show Lake Alice Trading Company
Women's Basketball vs  Cal Poly,1/4/18,7:00 PM,1/4/18,10:00 PM,"Riverside, CA",Women's Basketball,"Women's Basketball vs  Cal Poly Riverside, CA"
Women's Basketball vs  Long Beach State,1/6/18,5:00 PM,1/6/18,8:00 PM,"Riverside, CA",Women's Basketball,"Women's Basketball vs  Long Beach State Riverside, CA"
Men's Basketball at  UC Santa Barbara,1/6/18,9:00 PM,1/6/18,11:59 PM,"Santa Barbara, CA",Men's Basketball,"Men's Basketball at  UC Santa Barbara Santa Barbara, CA"
Women's Basketball at  UC Davis,1/11/18,7:00 PM,1/11/18,10:00 PM,"Davis, CA",Women's Basketball,"Women's Basketball at  UC Davis Davis, CA"
Men's Basketball vs  UC Davis,1/11/18,7:00 PM,1/11/18,10:00 PM,,Men's Basketball,Men's Basketball vs  UC Davis 
Women's Basketball vs  Cal State Fullerton,1/13/18,2:00 PM,1/13/18,5:00 PM,"Riverside, CA",Women's Basketball,"Women's Basketball vs  Cal State Fullerton Riverside, CA"
Men's Basketball vs  Long Beach State,1/13/18,6:00 PM,1/13/18,9:00 PM,,Men's Basketball,Men's Basketball vs  Long Beach State 
Men's Basketball vs  CSUN,1/17/18,7:00 PM,1/17/18,10:00 PM,,Men's Basketball,Men's Basketball vs  CSUN 
Women's Basketball vs  Hawai'i,1/18/18,7:00 PM,1/18/18,10:00 PM,"Riverside, CA",Women's Basketball,"Women's Basketball vs  Hawai'i Riverside, CA"
Women's Track and Field  Lumberjack Team Challenge,1/19/18,9:00 AM,1/19/18,12:00 PM,"Flagstaff, AZ",Women's Track and Field,"Women's Track and Field  Lumberjack Team Challenge Flagstaff, AZ"
Men's Track and Field  Lumberjack Team Challenge,1/19/18,9:00 AM,1/19/18,12:00 PM,"Flagstaff, AZ",Men's Track and Field,"Men's Track and Field  Lumberjack Team Challenge Flagstaff, AZ"
Women's Basketball at  CSUN,1/20/18,7:00 PM,1/20/18,10:00 PM,"Northridge, CA",Women's Basketball,"Women's Basketball at  CSUN Northridge, CA"
Men's Tennis vs  Hope International,1/20/18,10:00 AM,1/20/18,1:00 PM,Student Recreation Center,Men's Tennis,Men's Tennis vs  Hope International Student Recreation Center
Men's Tennis vs  Grand Canyon,1/20/18,3:00 PM,1/20/18,6:00 PM,Student Recreation Center,Men's Tennis,Men's Tennis vs  Grand Canyon Student Recreation Center
Women's Tennis at  San Diego State,1/21/18,12PM,1/21/18,3:00 PM,"San Diego, CA",Women's Tennis,"Women's Tennis at  San Diego State San Diego, CA"
Men's Tennis vs  Nevada,1/21/18,2:00 PM,1/21/18,5:00 PM,Student Recreation Center,Men's Tennis,Men's Tennis vs  Nevada Student Recreation Center
Men's Basketball at  UC Irvine,1/24/18,7:00 PM,1/24/18,10:00 PM,"Irvine, CA",Men's Basketball,"Men's Basketball at  UC Irvine Irvine, CA"
Women's Basketball vs  UC Irvine,1/25/18,7:00 PM,1/25/18,10:00 PM,"Riverside, CA",Women's Basketball,"Women's Basketball vs  UC Irvine Riverside, CA"
Women's Tennis vs  Hope International University,1/25/18,1:30 PM,1/25/18,4:30 PM,Student Recreation Center,Women's Tennis,Women's Tennis vs  Hope International University Student Recreation Center
Women's Tennis vs  Long Beach State,1/26/18,1:30PM,1/26/18,4:30 PM,"Riverside, CA",Women's Tennis,"Women's Tennis vs  Long Beach State Riverside, CA"
Women's Track and Field  UW Invitational,1/26/18,4:00 PM,1/26/18,11:59 PM,"Seattle, WA",Women's Track and Field,"Women's Track and Field  UW Invitational Seattle, WA"
Men's Track and Field  UW Invitational,1/26/18,4:00 PM,1/26/18,11:59 PM,"Seattle, WA",Men's Track and Field,"Men's Track and Field  UW Invitational Seattle, WA"
Baseball vs  Alumni Game,1/27/18,12:00 PM,1/27/18,3:00 PM,"Riverside, CA",Baseball,"Baseball vs  Alumni Game Riverside, CA"
Men's Basketball vs  UC Santa Barbara,1/27/18,5:00 PM,1/27/18,8:00 PM,,Men's Basketball,Men's Basketball vs  UC Santa Barbara 
Women's Basketball at  Hawai'i,1/27/18,7:30 PM,1/27/18,10:30 PM,"Honolulu, HI",Women's Basketball,"Women's Basketball at  Hawai'i Honolulu, HI"
Men's Tennis vs  Westmont,1/27/18,11:00 AM,1/27/18,1:00 PM,Student Recreation Center,Men's Tennis,Men's Tennis vs  Westmont Student Recreation Center
Men's Tennis vs  UC San Diego,1/27/18,3:30 PM,1/27/18,6:00 PM,Student Recreation Center,Men's Tennis,Men's Tennis vs  UC San Diego Student Recreation Center
Women's Tennis vs  Grand Canyon,1/28/18,11AM,1/28/18,2:00 PM,"Riverside, CA",Women's Tennis,"Women's Tennis vs  Grand Canyon Riverside, CA"
Men's Golf  Pepperdine Invitational,1/29/18, PM,1/29/18,11:59 PM,"Malibu, CA",Men's Golf,"Men's Golf  Pepperdine Invitational Malibu, CA"
Men's Basketball at  Cal Poly,1/31/18,7:00 PM,1/31/18,10:00 PM,"San Luis Obispo, CA",Men's Basketball,"Men's Basketball at  Cal Poly San Luis Obispo, CA"
Men's Track and Field  Mountain T's Invitational,2/2/18,10:00 AM,2/2/18,11:59 PM,"Flagstaff, AZ",Men's Track and Field,"Men's Track and Field  Mountain T's Invitational Flagstaff, AZ"
Women's Track and Field  Mountain T's Invitational,2/2/18,10:00 AM,2/2/18,11:59 PM,"Flagstaff, AZ",Women's Track and Field,"Women's Track and Field  Mountain T's Invitational Flagstaff, AZ"
Men's Tennis at  UNLV,2/2/18,2:00 PM,2/2/18,5:00 PM,"Las Vegas, NV",Men's Tennis,"Men's Tennis at  UNLV Las Vegas, NV"
Women's Tennis vs  Cal State Fullerton,2/3/18,11AM,2/3/18,2:00 PM,"Riverside, CA",Women's Tennis,"Women's Tennis vs  Cal State Fullerton Riverside, CA"
Women's Basketball at  Cal Poly,2/3/18,2:00 PM,2/3/18,5:00 PM,"San Luis Obispo, CA",Women's Basketball,"Women's Basketball at  Cal Poly San Luis Obispo, CA"
Men's Tennis vs  Weber State University,2/3/18,10:00 AM,2/3/18,1:00 PM,"Las Vegas, NV",Men's Tennis,"Men's Tennis vs  Weber State University Las Vegas, NV"
Men's Tennis vs  New Mexico State University,2/3/18,2:00 PM,2/3/18,5:00 PM,"Las Vegas, NV",Men's Tennis,"Men's Tennis vs  New Mexico State University Las Vegas, NV"
Men's Basketball at  Hawai'i,2/7/18,9:00 PM,2/7/18,11:59 PM,"Manoa, HI",Men's Basketball,"Men's Basketball at  Hawai'i Manoa, HI"
General vs  Coaches' Show,2/7/18,6-7 pm,2/7/18,3:00 AM,Lake Alice Trading Company,General,General vs  Coaches' Show Lake Alice Trading Company
Women's Basketball vs  UC Santa Barbara,2/8/18,7:00 PM,2/8/18,10:00 PM,"Riverside, CA",Women's Basketball,"Women's Basketball vs  UC Santa Barbara Riverside, CA"
Women's Track and Field  UW Husky Classic ,2/9/18,10:00 AM,2/9/18,11:59 PM,"Seattle, WA",Women's Track and Field,"Women's Track and Field  UW Husky Classic  Seattle, WA"
Men's Track and Field  UW Husky Classic ,2/9/18,10:00 AM,2/9/18,11:59 PM,"Seattle, WA",Men's Track and Field,"Men's Track and Field  UW Husky Classic  Seattle, WA"
Softball vs  Rutgers,2/9/18,1:00 PM,2/9/18,4:00 PM,"Fullerton, CA",Softball,"Softball vs  Rutgers Fullerton, CA"
Softball vs  Loyola Marymount,2/9/18,3:30 PM,2/9/18,6:30 PM,"Fullerton, CA",Softball,"Softball vs  Loyola Marymount Fullerton, CA"
Men's Track and Field  UNM Don Kirby Invitational ,2/9/18,4:00 PM,2/9/18,11:59 PM,"Albuquerque, NM",Men's Track and Field,"Men's Track and Field  UNM Don Kirby Invitational  Albuquerque, NM"
Women's Track and Field  UNM Don Kirby Invitational ,2/9/18,4:00 PM,2/9/18,11:59 PM,"Albuquerque, NM",Women's Track and Field,"Women's Track and Field  UNM Don Kirby Invitational  Albuquerque, NM"
Women's Tennis vs  Colorado State University,2/10/18,10:00 AM,2/10/18,1:00 PM,"Las Vegas, NV",Women's Tennis,"Women's Tennis vs  Colorado State University Las Vegas, NV"
Women's Basketball at  UC Irvine,2/10/18,2:00 PM,2/10/18,5:00 PM,"Irvine, CA",Women's Basketball,"Women's Basketball at  UC Irvine Irvine, CA"
Women's Tennis at  UNLV,2/10/18,2:00 PM,2/10/18,5:00 PM,"Las Vegas, NV",Women's Tennis,"Women's Tennis at  UNLV Las Vegas, NV"
Softball vs  Maryland,2/10/18,2:30 PM,2/10/18,5:30 PM,"Los Angeles, CA",Softball,"Softball vs  Maryland Los Angeles, CA"
Men's Basketball vs  UC Irvine,2/10/18,5:00 PM,2/10/18,8:00 PM,,Men's Basketball,Men's Basketball vs  UC Irvine 
Men's Tennis vs  Biola University,2/10/18,10:00 AM,2/10/18,1:00 PM,Student Recreation Center,Men's Tennis,Men's Tennis vs  Biola University Student Recreation Center
Women's Tennis vs  Youngstown State University,2/11/18,10:00 AM,2/11/18,1:00 PM,"Las Vegas, NV",Women's Tennis,"Women's Tennis vs  Youngstown State University Las Vegas, NV"
Softball vs  Middle Tennessee,2/11/18,11:30 AM,2/11/18,2:30 PM,"Los Angeles, CA",Softball,"Softball vs  Middle Tennessee Los Angeles, CA"
Softball vs  UCLA,2/11/18,4:30 PM,2/11/18,7:30 PM,"Los Angeles, CA",Softball,"Softball vs  UCLA Los Angeles, CA"
Men's Golf  University of San Diego,2/12/18, PM,2/12/18,11:59 PM,"San Diego, CA",Men's Golf,"Men's Golf  University of San Diego San Diego, CA"
Women's Golf  Battle at the Rock ,2/12/18, PM,2/12/18,11:59 PM,"Riverside, CA",Women's Golf,"Women's Golf  Battle at the Rock  Riverside, CA"
Softball vs  San Diego State,2/14/18,1:00 PM,2/14/18,4:00 PM,,Softball,Softball vs  San Diego State 
Men's Basketball at  CSUN,2/14/18,7:00 PM,2/14/18,10:00 PM,"Northridge, CA",Men's Basketball,"Men's Basketball at  CSUN Northridge, CA"
Women's Basketball vs  CSUN,2/15/18,7:00 PM,2/15/18,10:00 PM,"Riverside, CA",Women's Basketball,"Women's Basketball vs  CSUN Riverside, CA"
Baseball vs  Washington State,2/16/18,11:00 AM,2/16/18,2:00 PM,"Tempe, AZ",Baseball,"Baseball vs  Washington State Tempe, AZ"
Baseball vs  Nebraska,2/16/18,3:00 PM,2/16/18,6:00 PM,"Tempe, AZ",Baseball,"Baseball vs  Nebraska Tempe, AZ"
Men's Golf  Wyoming Desert Intercollegiate,2/16/18, PM,2/17/18,11:59 PM,"Palm Desert, CA",Men's Golf,"Men's Golf  Wyoming Desert Intercollegiate Palm Desert, CA"
Softball vs  Army,2/17/18,10:00 AM,2/17/18,1:00 PM,"Cathedral City, CA",Softball,"Softball vs  Army Cathedral City, CA"
Baseball vs  Nebraska,2/17/18,3:00 PM,2/17/18,6:00 PM,"Tempe, AZ",Baseball,"Baseball vs  Nebraska Tempe, AZ"
Men's Basketball vs  Hawai'i,2/17/18,7:30 PM,2/17/18,10:30 PM,,Men's Basketball,Men's Basketball vs  Hawai'i 
Softball vs  Stanford,2/18/18,9:30 AM,2/18/18,12:30 PM,"Cathedral City, CA",Softball,"Softball vs  Stanford Cathedral City, CA"
Softball vs  Grand Canyon,2/18/18,12:00 PM,2/18/18,3:00 PM,"Cathedral City, CA",Softball,"Softball vs  Grand Canyon Cathedral City, CA"
Baseball vs  Washington State,2/18/18,3:00 PM,2/18/18,6:00 PM,"Tempe, AZ",Baseball,"Baseball vs  Washington State Tempe, AZ"
Softball vs  Sacramento State,2/19/18,9:00 AM,2/19/18,12:00 PM,"Cathedral City, CA",Softball,"Softball vs  Sacramento State Cathedral City, CA"
Softball vs  California,2/19/18,1:30 PM,2/19/18,4:30 PM,"Cathedral City, CA",Softball,"Softball vs  California Cathedral City, CA"
Men's Basketball vs  Cal State Fullerton,2/21/18,7:00 PM,2/21/18,10:00 PM,,Men's Basketball,Men's Basketball vs  Cal State Fullerton 
Women's Tennis vs  Nevada,2/22/18,1:30PM,2/22/18,4:30 PM,"Riverside, CA",Women's Tennis,"Women's Tennis vs  Nevada Riverside, CA"
Women's Basketball at  Cal State Fullerton,2/22/18,7:00 PM,2/22/18,10:00 PM,"Fullerton, CA",Women's Basketball,"Women's Basketball at  Cal State Fullerton Fullerton, CA"
Softball vs  New Mexico,2/23/18,2:00 PM,2/23/18,5:00 PM,"Riverside, CA",Softball,"Softball vs  New Mexico Riverside, CA"
Women's Track and Field  MPSF Indoor Championship,2/23/18,4:00 PM,2/23/18,11:59 PM,"Seattle, WA",Women's Track and Field,"Women's Track and Field  MPSF Indoor Championship Seattle, WA"
Men's Track and Field  MPSF Indoor Championship,2/23/18,4:00 PM,2/23/18,11:59 PM,"Seattle, WA",Men's Track and Field,"Men's Track and Field  MPSF Indoor Championship Seattle, WA"
Baseball at  Washington,2/23/18,6:05 PM,2/23/18,9:05 PM,"Seattle, WA",Baseball,"Baseball at  Washington Seattle, WA"
Baseball at  Washington,2/24/18,1:05 PM,2/24/18,4:05 PM,"Seattle, WA",Baseball,"Baseball at  Washington Seattle, WA"
Women's Tennis at  UC Santa Barbara,2/24/18,2PM,2/24/18,5:00 PM,"Santa Barbara, CA",Women's Tennis,"Women's Tennis at  UC Santa Barbara Santa Barbara, CA"
Softball vs  George Washington,2/24/18,2:00 PM,2/24/18,5:00 PM,"Riverside, CA",Softball,"Softball vs  George Washington Riverside, CA"
Men's Tennis vs  Richmond,2/24/18,3:00 PM,2/24/18,6:00 PM,"Colorado Springs, CO",Men's Tennis,"Men's Tennis vs  Richmond Colorado Springs, CO"
Women's Basketball at  UC Santa Barbara,2/24/18,4:00 PM,2/24/18,7:00 PM,"Santa Barbara, CA",Women's Basketball,"Women's Basketball at  UC Santa Barbara Santa Barbara, CA"
Baseball at  Washington,2/24/18,4:35 PM,2/24/18,7:35 PM,"Seattle, WA",Baseball,"Baseball at  Washington Seattle, WA"
Men's Basketball at  UC Davis,2/24/18,5:00 PM,2/24/18,8:00 PM,"Davis, CA",Men's Basketball,"Men's Basketball at  UC Davis Davis, CA"
Softball vs  Montana,2/25/18,11:30 AM,2/25/18,2:30 PM,"Riverside, CA",Softball,"Softball vs  Montana Riverside, CA"
Baseball at  Washington,2/25/18,12:05 PM,2/25/18,3:05 PM,"Seattle, WA",Baseball,"Baseball at  Washington Seattle, WA"
Softball vs  New Mexico,2/25/18,2:00 PM,2/25/18,5:00 PM,"Riverside, CA",Softball,"Softball vs  New Mexico Riverside, CA"
Men's Tennis at  Air Force Academy,2/25/18,9:00 AM,2/25/18,5:00 PM,"Colorado Springs, CO",Men's Tennis,"Men's Tennis at  Air Force Academy Colorado Springs, CO"
Men's Tennis at  Colorado State- Pueblo,2/25/18,2:30 PM,2/25/18,5:30 PM,"Pueblo, CO",Men's Tennis,"Men's Tennis at  Colorado State- Pueblo Pueblo, CO"
Softball vs  Saint John's,2/27/18,11:00 AM,2/27/18,2:00 PM,,Softball,Softball vs  Saint John's 
Softball vs  Saint John's,2/27/18,1:30 PM,2/27/18,4:30 PM,,Softball,Softball vs  Saint John's 
Baseball vs  UNLV,2/27/18,3:00 PM,2/27/18,6:00 PM,"Riverside, CA",Baseball,"Baseball vs  UNLV Riverside, CA"
Men's Basketball vs  Cal Poly,3/1/18,7:00 PM,3/1/18,10:00 PM,,Men's Basketball,Men's Basketball vs  Cal Poly 
Women's Basketball at  Long Beach State,3/1/18,7:00 PM,3/1/18,10:00 PM,"Long Beach, CA",Women's Basketball,"Women's Basketball at  Long Beach State Long Beach, CA"
Softball vs  Saint Mary's,3/2/18,2:00 PM,3/2/18,5:00 PM,"Riverside, CA",Softball,"Softball vs  Saint Mary's Riverside, CA"
Women's Track and Field  RCC/Cal State Fullerton,3/3/18,11:00 AM,3/3/18,2:00 PM,"Riverside, CA",Women's Track and Field,"Women's Track and Field  RCC/Cal State Fullerton Riverside, CA"
Men's Track and Field  RCC/Cal State Fullerton,3/3/18,11:00 AM,3/3/18,2:00 PM,"Riverside, CA",Men's Track and Field,"Men's Track and Field  RCC/Cal State Fullerton Riverside, CA"
Softball vs  Stony Brook,3/3/18,2:00 PM,3/3/18,5:00 PM,"Riverside, CA",Softball,"Softball vs  Stony Brook Riverside, CA"
Baseball vs  San Francisco,3/3/18,2:00 PM,3/3/18,5:00 PM,"Riverside, CA",Baseball,"Baseball vs  San Francisco Riverside, CA"
Women's Basketball vs  UC Davis,3/3/18,4:00 PM,3/3/18,7:00 PM,"Riverside, CA",Women's Basketball,"Women's Basketball vs  UC Davis Riverside, CA"
Men's Basketball at  Long Beach State,3/3/18,7:30 PM,3/3/18,10:30 PM,"Long Beach, CA",Men's Basketball,"Men's Basketball at  Long Beach State Long Beach, CA"
Softball vs  Brown,3/4/18,11:30 AM,3/4/18,2:30 PM,"Riverside, CA",Softball,"Softball vs  Brown Riverside, CA"
Baseball vs  San Francisco,3/4/18,12:00 PM,3/4/18,3:00 PM,"Riverside, CA",Baseball,"Baseball vs  San Francisco Riverside, CA"
Softball vs  Saint Mary's,3/4/18,2:00 PM,3/4/18,5:00 PM,"Riverside, CA",Softball,"Softball vs  Saint Mary's Riverside, CA"
Baseball vs  San Francisco,3/4/18,3:30 PM,3/4/18,6:30 PM,"Riverside, CA",Baseball,"Baseball vs  San Francisco Riverside, CA"
Men's Tennis vs  Southern Utah,3/4/18,9:30 AM,3/4/18,12:30 PM,Student Recreation Center,Men's Tennis,Men's Tennis vs  Southern Utah Student Recreation Center
Men's Tennis vs  Northern Arizona,3/4/18,2:00 PM,3/4/18,5:00 PM,Student Recreation Center,Men's Tennis,Men's Tennis vs  Northern Arizona Student Recreation Center
Women's Tennis vs  Villanova,3/5/18,1:30 PM,3/5/18,4:30 PM,"Riverside, CA",Women's Tennis,"Women's Tennis vs  Villanova Riverside, CA"
General vs  Coaches' Show,3/5/18,6-7 pm,3/5/18,3:00 AM,Lake Alice Trading Company,General,General vs  Coaches' Show Lake Alice Trading Company
Women's Golf  Fresno State Classic,3/5/18, PM,3/5/18,11:59 PM,"Fresno, CA",Women's Golf,"Women's Golf  Fresno State Classic Fresno, CA"
Baseball vs  Valparaiso ,3/6/18,6:00 PM,3/6/18,9:00 PM,"Riverside, CA",Baseball,"Baseball vs  Valparaiso  Riverside, CA"
Women's Basketball vs  No. 7 Long Beach State,3/6/18,8:30 PM,3/6/18,11:30 PM,"Fullerton, CA",Women's Basketball,"Women's Basketball vs  No. 7 Long Beach State Fullerton, CA"
Men's Tennis vs  Youngstown State,3/6/18,2:00 PM,3/6/18,5:00 PM,Student Recreation Center,Men's Tennis,Men's Tennis vs  Youngstown State Student Recreation Center
Women's Tennis vs  Toledo,3/7/18,1:30PM,3/7/18,4:30 PM,"Riverside, CA",Women's Tennis,"Women's Tennis vs  Toledo Riverside, CA"
Women's Basketball vs  No. 3 UC Irvine,3/7/18,6:00 PM,3/7/18,9:00 PM,"Fullerton, CA",Women's Basketball,"Women's Basketball vs  No. 3 UC Irvine Fullerton, CA"
Baseball vs  Valparaiso,3/7/18,6:00 PM,3/7/18,9:00 PM,"Riverside, CA",Baseball,"Baseball vs  Valparaiso Riverside, CA"
Men's Tennis vs  Boston University,3/7/18,9:00 AM,3/7/18,12:00 PM,Student Recreation Center,Men's Tennis,Men's Tennis vs  Boston University Student Recreation Center
Men's Basketball vs  No. 1 UC Davis,3/8/18,12:00 PM,3/8/18,3:00 PM,"Anaheim, CA",Men's Basketball,"Men's Basketball vs  No. 1 UC Davis Anaheim, CA"
Softball vs  Boise State,3/8/18,12:00 PM,3/8/18,3:00 PM,,Softball,Softball vs  Boise State 
Women's Tennis vs  Utah State,3/8/18,1:30PM,3/8/18,4:30 PM,"Riverside, CA",Women's Tennis,"Women's Tennis vs  Utah State Riverside, CA"
Softball vs  Boise State,3/8/18,2:30 PM,3/8/18,5:30 PM,,Softball,Softball vs  Boise State 
Women's Track and Field  NCAA Indoor Championships,3/9/18,9:00 AM,3/9/18,11:59 PM,"College Station, TX",Women's Track and Field,"Women's Track and Field  NCAA Indoor Championships College Station, TX"
Men's Track and Field  NCAA Indoor Championships,3/9/18,9:00 AM,3/9/18,11:59 PM,"College Station, TX",Men's Track and Field,"Men's Track and Field  NCAA Indoor Championships College Station, TX"
Women's Basketball vs  UC Davis,3/9/18,12:00 PM,3/9/18,3:00 PM,"Anaheim, CA",Women's Basketball,"Women's Basketball vs  UC Davis Anaheim, CA"
Softball vs  North Dakota State,3/9/18,2:00 PM,3/9/18,5:00 PM,"Riverside, CA",Softball,"Softball vs  North Dakota State Riverside, CA"
Baseball vs  Utah,3/9/18,6:00 PM,3/9/18,9:00 PM,"Riverside, CA",Baseball,"Baseball vs  Utah Riverside, CA"
Men's Tennis vs  Villanova,3/9/18,2:00 PM,3/9/18,5:00 PM,Student Recreation Center,Men's Tennis,Men's Tennis vs  Villanova Student Recreation Center
Women's Track and Field  UC Santa Barbara/Cal Poly,3/10/18,12:00 PM,3/10/18,3:00 PM,"Santa Barbara, CA",Women's Track and Field,"Women's Track and Field  UC Santa Barbara/Cal Poly Santa Barbara, CA"
Men's Track and Field  UC Santa Barbara/Cal Poly,3/10/18,12:00 PM,3/10/18,3:00 PM,"Santa Barbara, CA",Men's Track and Field,"Men's Track and Field  UC Santa Barbara/Cal Poly Santa Barbara, CA"
Softball vs  Columbia,3/10/18,2:00 PM,3/10/18,5:00 PM,"Riverside, CA",Softball,"Softball vs  Columbia Riverside, CA"
Men's Tennis vs  Azusa Pacific,3/10/18,2:00 PM,3/10/18,5:00 PM,Student Recreation Center,Men's Tennis,Men's Tennis vs  Azusa Pacific Student Recreation Center
Baseball vs  Utah,3/11/18,12:00 PM,3/11/18,3:00 PM,"Riverside, CA",Baseball,"Baseball vs  Utah Riverside, CA"
Softball vs  Colgate,3/11/18,2:00 PM,3/11/18,5:00 PM,"Riverside, CA",Softball,"Softball vs  Colgate Riverside, CA"
Baseball vs  Utah,3/11/18,3:00 PM,3/11/18,6:00 PM,"Riverside, CA",Baseball,"Baseball vs  Utah Riverside, CA"
Women's Tennis vs  UC Davis,3/11/18,3PM,3/11/18,6:00 PM,"Riverside, CA",Women's Tennis,"Women's Tennis vs  UC Davis Riverside, CA"
Men's Tennis vs  Bucknell,3/12/18,9:30 AM,3/12/18,12:30 PM,Student Recreation Center,Men's Tennis,Men's Tennis vs  Bucknell Student Recreation Center
Men's Tennis vs  Concordia Irvine,3/12/18,2:00 PM,3/12/18,5:00 PM,Student Recreation Center,Men's Tennis,Men's Tennis vs  Concordia Irvine Student Recreation Center
Softball vs  Harvard,3/13/18,12:30 PM,3/13/18,3:30 PM,"Riverside, CA",Softball,"Softball vs  Harvard Riverside, CA"
Women's Tennis vs  Southern Utah,3/13/18,1:30PM,3/13/18,4:30 PM,"Riverside, CA",Women's Tennis,"Women's Tennis vs  Southern Utah Riverside, CA"
Softball vs  Colgate,3/13/18,3:00 PM,3/13/18,6:00 PM,"Riverside, CA",Softball,"Softball vs  Colgate Riverside, CA"
Women's Tennis vs  Bradley,3/14/18,1:30PM,3/14/18,4:30 PM,"Riverside, CA",Women's Tennis,"Women's Tennis vs  Bradley Riverside, CA"
Baseball vs  Grand Canyon ,3/14/18,6:00 PM,3/14/18,9:00 PM,"Riverside, CA",Baseball,"Baseball vs  Grand Canyon  Riverside, CA"
Softball vs  Idaho State vs. Texas Tech,3/16/18,9:00 AM,3/16/18,12:00 PM,,Softball,Softball vs  Idaho State vs. Texas Tech 
Softball vs  Purdue vs. Texas Tech,3/16/18,11:30 AM,3/16/18,2:30 PM,,Softball,Softball vs  Purdue vs. Texas Tech 
Women's Tennis vs  Drake,3/16/18,1:30PM,3/16/18,4:30 PM,"Riverside, CA",Women's Tennis,"Women's Tennis vs  Drake Riverside, CA"
Softball vs  Purdue,3/16/18,2:00 PM,3/16/18,5:00 PM,"Riverside, CA",Softball,"Softball vs  Purdue Riverside, CA"
Baseball at  Nevada,3/16/18,3:00 PM,3/16/18,6:00 PM,"Reno, NV",Baseball,"Baseball at  Nevada Reno, NV"
Men's Golf  Grand Canyon University,3/16/18, PM,3/16/18,11:59 PM,"Phoenix, AZ",Men's Golf,"Men's Golf  Grand Canyon University Phoenix, AZ"
Softball vs  Idaho State vs. Purdue,3/17/18,9:00 AM,3/17/18,12:00 PM,,Softball,Softball vs  Idaho State vs. Purdue 
Softball vs  Idaho State vs. Texas Tech,3/17/18,11:30 AM,3/17/18,2:30 PM,,Softball,Softball vs  Idaho State vs. Texas Tech 
Baseball at  Nevada,3/17/18,12:00 PM,3/17/18,3:00 PM,"Reno, NV",Baseball,"Baseball at  Nevada Reno, NV"
Softball vs  Purdue vs. Texas Tech,3/17/18,2:00 PM,3/17/18,5:00 PM,,Softball,Softball vs  Purdue vs. Texas Tech 
Baseball at  Nevada,3/17/18,3:00 PM,3/17/18,6:00 PM,"Reno, NV",Baseball,"Baseball at  Nevada Reno, NV"
Softball vs  Idaho State vs. Purdue,3/18/18,9:00 AM,3/18/18,12:00 PM,,Softball,Softball vs  Idaho State vs. Purdue 
Softball vs  Texas Tech ,3/18/18,11:30 AM,3/18/18,2:30 PM,"Riverside, CA",Softball,"Softball vs  Texas Tech  Riverside, CA"
Baseball at  Nevada,3/18/18,12:00 PM,3/18/18,3:00 PM,"Reno, NV",Baseball,"Baseball at  Nevada Reno, NV"
Softball vs  Idaho State,3/18/18,2:00 PM,3/18/18,5:00 PM,"Riverside, CA",Softball,"Softball vs  Idaho State Riverside, CA"
Men's Tennis vs  Charleston College,3/18/18,10:00 AM,3/18/18,1:00 PM,Student Recreation Center,Men's Tennis,Men's Tennis vs  Charleston College Student Recreation Center
Women's Track and Field  UC Riverside Spring Track Classic (Multis),3/22/18,11:00 AM,3/22/18,11:59 PM,"Riverside, CA",Women's Track and Field,"Women's Track and Field  UC Riverside Spring Track Classic (Multis) Riverside, CA"
Men's Track and Field  UC Riverside Spring Track Classic (Multis),3/22/18,11:00 AM,3/22/18,11:59 PM,"Riverside, CA",Men's Track and Field,"Men's Track and Field  UC Riverside Spring Track Classic (Multis) Riverside, CA"
Men's Track and Field  UC Riverside Spring Track Classic,3/24/18,10:00 AM,3/24/18,1:00 PM,"Riverside, CA",Men's Track and Field,"Men's Track and Field  UC Riverside Spring Track Classic Riverside, CA"
Women's Track and Field  UC Riverside Spring Track Classic,3/24/18,10:00 AM,3/24/18,1:00 PM,"Riverside, CA",Women's Track and Field,"Women's Track and Field  UC Riverside Spring Track Classic Riverside, CA"
Softball vs  San Diego,3/24/18,1:00 PM,3/24/18,4:00 PM,"Riverside, CA",Softball,"Softball vs  San Diego Riverside, CA"
Softball vs  San Diego,3/24/18,3:30 PM,3/24/18,6:30 PM,"Riverside, CA",Softball,"Softball vs  San Diego Riverside, CA"
Softball vs  San Diego,3/25/18,1:00 PM,3/25/18,4:00 PM,"Riverside, CA",Softball,"Softball vs  San Diego Riverside, CA"
Women's Golf  Anuenue Spring Break Classic,3/26/18, PM,3/27/18,11:59 PM,"Maui, HI",Women's Golf,"Women's Golf  Anuenue Spring Break Classic Maui, HI"
Men's Tennis at  North Carolina A&T,3/26/18,9:00 AM,3/26/18,12:00 PM,"Greensboro, NC",Men's Tennis,"Men's Tennis at  North Carolina A&T Greensboro, NC"
Men's Tennis at  Campbell,3/26/18,1:30 PM,3/26/18,4:30 PM,"Buies Creek, NC",Men's Tennis,"Men's Tennis at  Campbell Buies Creek, NC"
Baseball at  Fresno State,3/27/18,6:05 PM,3/27/18,9:05 PM,"Fresno, CA",Baseball,"Baseball at  Fresno State Fresno, CA"
Men's Tennis at  Methodist,3/27/18,6:00 AM,3/27/18,9:00 AM,"Fayette, MO",Men's Tennis,"Men's Tennis at  Methodist Fayette, MO"
Men's Tennis at  Chowan,3/27/18,12:00 PM,3/27/18,3:00 PM,"Murfreesboro, NC",Men's Tennis,"Men's Tennis at  Chowan Murfreesboro, NC"
Men's Tennis at  West Virginia Wesleyan,3/28/18,6:30 AM,3/28/18,9:30 AM,"Buckhannon, WV",Men's Tennis,"Men's Tennis at  West Virginia Wesleyan Buckhannon, WV"
Men's Tennis at  Norfolk State,3/28/18,12:00 PM,3/28/18,3:00 PM,"Norfolk, VA",Men's Tennis,"Men's Tennis at  Norfolk State Norfolk, VA"
Baseball vs  UC Davis,3/29/18,6:00 PM,3/29/18,9:00 PM,"Riverside, CA",Baseball,"Baseball vs  UC Davis Riverside, CA"
Men's Track and Field  Stanford Invitational,3/30/18,8:00 AM,3/30/18,11:59 PM,"Stanford, CA",Men's Track and Field,"Men's Track and Field  Stanford Invitational Stanford, CA"
Women's Track and Field  Stanford Invitational,3/30/18,8:00 AM,3/30/18,11:59 PM,"Stanford, CA",Women's Track and Field,"Women's Track and Field  Stanford Invitational Stanford, CA"
Softball at  Cal Poly,3/30/18,1:00 PM,3/30/18,4:00 PM,"San Luis Obispo, CA",Softball,"Softball at  Cal Poly San Luis Obispo, CA"
Baseball vs  UC Davis,3/30/18,6:00 PM,3/30/18,9:00 PM,"Riverside, CA",Baseball,"Baseball vs  UC Davis Riverside, CA"
Men's Tennis at  North Carolina Central,3/30/18,12:00 PM,3/30/18,3:00 PM,"Durham, NC",Men's Tennis,"Men's Tennis at  North Carolina Central Durham, NC"
Men's Track and Field  Sacramento State Mondo Team Challenge,3/31/18,11:00 AM,3/31/18,2:00 PM,"Sacramento, CA",Men's Track and Field,"Men's Track and Field  Sacramento State Mondo Team Challenge Sacramento, CA"
Women's Track and Field  Sacramento State Mondo Team Challenge,3/31/18,11:00 AM,3/31/18,2:00 PM,"Sacramento, CA",Women's Track and Field,"Women's Track and Field  Sacramento State Mondo Team Challenge Sacramento, CA"
Softball at  Cal Poly,3/31/18,1:00 PM,3/31/18,4:00 PM,"San Luis Obispo, CA",Softball,"Softball at  Cal Poly San Luis Obispo, CA"
Baseball vs  UC Davis,3/31/18,1:00 PM,3/31/18,4:00 PM,"Riverside, CA",Baseball,"Baseball vs  UC Davis Riverside, CA"
Softball at  Cal Poly,3/31/18,3:30 PM,3/31/18,6:30 PM,"San Luis Obispo, CA",Softball,"Softball at  Cal Poly San Luis Obispo, CA"
Men's Tennis vs  Cal Poly,4/1/18,2:00 PM,4/1/18,5:00 PM,Student Recreation Center,Men's Tennis,Men's Tennis vs  Cal Poly Student Recreation Center
General vs  Coaches' Show,4/4/18,6-7 pm,4/4/18,3:00 AM,Lake Alice Trading Company,General,General vs  Coaches' Show Lake Alice Trading Company
Women's Tennis vs  Westmont College (Calif.),4/4/18,1:30 PM,4/4/18,4:30 PM,Student Recreation Center,Women's Tennis,Women's Tennis vs  Westmont College (Calif.) Student Recreation Center
Baseball vs  CSUN,4/6/18,6:00 PM,4/6/18,9:00 PM,"Riverside, CA",Baseball,"Baseball vs  CSUN Riverside, CA"
Men's Track and Field  Pomona-Pitzer Invitational,4/7/18,9:00 AM,4/7/18,12:00 PM,"Claremont, CA",Men's Track and Field,"Men's Track and Field  Pomona-Pitzer Invitational Claremont, CA"
Women's Track and Field  Pomona-Pitzer Invitational,4/7/18,9:00 AM,4/7/18,12:00 PM,"Claremont, CA",Women's Track and Field,"Women's Track and Field  Pomona-Pitzer Invitational Claremont, CA"
Women's Tennis at  CSUN,4/7/18,11AM,4/7/18,2:00 PM,"Northridge, CA",Women's Tennis,"Women's Tennis at  CSUN Northridge, CA"
Softball at  Long Beach State,4/7/18,1:00 PM,4/7/18,4:00 PM,"Long Beach, CA",Softball,"Softball at  Long Beach State Long Beach, CA"
Softball at  Long Beach State,4/7/18,3:30 PM,4/7/18,6:30 PM,"Long Beach, CA",Softball,"Softball at  Long Beach State Long Beach, CA"
Baseball vs  CSUN,4/7/18,6:00 PM,4/7/18,9:00 PM,"Riverside, CA",Baseball,"Baseball vs  CSUN Riverside, CA"
Women's Tennis at  Cal Poly,4/8/18,11AM,4/8/18,2:00 PM,"San Luis Obispo, CA",Women's Tennis,"Women's Tennis at  Cal Poly San Luis Obispo, CA"
Softball at  Long Beach State,4/8/18,1:00 PM,4/8/18,4:00 PM,"Long Beach, CA",Softball,"Softball at  Long Beach State Long Beach, CA"
Baseball vs  CSUN,4/8/18,1:00 PM,4/8/18,4:00 PM,"Riverside, CA",Baseball,"Baseball vs  CSUN Riverside, CA"
Men's Tennis at  Pepperdine,4/8/18,TBD PM,4/8/18,3:00 AM,"Malibu, CA",Men's Tennis,"Men's Tennis at  Pepperdine Malibu, CA"
Women's Golf  Bobcat Desert Invitational,4/9/18, PM,4/9/18,11:59 PM,"Goodyear, AZ",Women's Golf,"Women's Golf  Bobcat Desert Invitational Goodyear, AZ"
Baseball vs  San Diego,4/10/18,6:00 PM,4/10/18,9:00 PM,"Riverside, CA",Baseball,"Baseball vs  San Diego Riverside, CA"
Men's Track and Field  Highlander Challenge,4/13/18,2:00 PM,4/13/18,5:00 PM,"Riverside, CA",Men's Track and Field,"Men's Track and Field  Highlander Challenge Riverside, CA"
Women's Tennis at  Chaminade,4/13/18,2PM,4/13/18,5:00 PM,"Honolulu, HI",Women's Tennis,"Women's Tennis at  Chaminade Honolulu, HI"
Women's Track and Field  Highlander Challenge,4/13/18,2:00 PM,4/13/18,5:00 PM,"Riverside, CA",Women's Track and Field,"Women's Track and Field  Highlander Challenge Riverside, CA"
Baseball at  Hawai'i,4/13/18,9:35 PM,4/14/18,12:35 AM,"Manoa, HI",Baseball,"Baseball at  Hawai'i Manoa, HI"
Men's Tennis at  UC Irvine,4/13/18,1:00 PM,4/13/18,4:00 PM,"Irvine, CA",Men's Tennis,"Men's Tennis at  UC Irvine Irvine, CA"
Softball vs  CSUN,4/14/18,1:00 PM,4/14/18,4:00 PM,"Riverside, CA",Softball,"Softball vs  CSUN Riverside, CA"
Women's Tennis at  Hawai'i,4/14/18,2PM,4/14/18,5:00 PM,"Honolulu, HI",Women's Tennis,"Women's Tennis at  Hawai'i Honolulu, HI"
Softball vs  CSUN,4/14/18,3:30 PM,4/14/18,6:30 PM,"Riverside, CA",Softball,"Softball vs  CSUN Riverside, CA"
Baseball at  Hawai'i,4/14/18,9:35 PM,4/15/18,12:35 AM,"Manoa, HI",Baseball,"Baseball at  Hawai'i Manoa, HI"
Softball vs  CSUN,4/15/18,1:00 PM,4/15/18,4:00 PM,"Riverside, CA",Softball,"Softball vs  CSUN Riverside, CA"
Baseball at  Hawai'i,4/15/18,4:05 PM,4/15/18,7:05 PM,"Manoa, HI",Baseball,"Baseball at  Hawai'i Manoa, HI"
Women's Golf  Big West Championship,4/15/18, PM,4/16/18,11:59 PM,"Irvine, CA",Women's Golf,"Women's Golf  Big West Championship Irvine, CA"
Men's Tennis vs  UC Santa Barbara,4/15/18,12:00 PM,4/15/18,3:00 PM,Student Recreation Center,Men's Tennis,Men's Tennis vs  UC Santa Barbara Student Recreation Center
Men's Tennis vs  Arizona Christian,4/15/18,4:00 PM,4/15/18,7:00 PM,Student Recreation Center,Men's Tennis,Men's Tennis vs  Arizona Christian Student Recreation Center
Men's Golf  UC Santa Barbara Invitational,4/16/18, PM,4/16/18,11:59 PM,"Santa Barbara, CA",Men's Golf,"Men's Golf  UC Santa Barbara Invitational Santa Barbara, CA"
Baseball at  Grand Canyon ,4/18/18,2:00 PM,4/18/18,5:00 PM,"Phoenix, AZ",Baseball,"Baseball at  Grand Canyon  Phoenix, AZ"
Men's Track and Field  Mt. SAC Relays,4/19/18,10:00 AM,4/20/18,11:59 PM,"Walnut, CA",Men's Track and Field,"Men's Track and Field  Mt. SAC Relays Walnut, CA"
Men's Track and Field  Azusa Pacific Bryan Clay Invitational,4/19/18,10:00 AM,4/19/18,11:59 PM,"Azusa, CA",Men's Track and Field,"Men's Track and Field  Azusa Pacific Bryan Clay Invitational Azusa, CA"
Women's Track and Field  Mt. SAC Relays,4/19/18,10:00 AM,4/20/18,11:59 PM,"Walnut, CA",Women's Track and Field,"Women's Track and Field  Mt. SAC Relays Walnut, CA"
Women's Track and Field  Azusa Pacific Bryan Clay Invitational,4/19/18,10:00 AM,4/19/18,11:59 PM,"Azusa, CA",Women's Track and Field,"Women's Track and Field  Azusa Pacific Bryan Clay Invitational Azusa, CA"
Men's Tennis vs  Hawaii,4/19/18,10:00 AM,4/19/18,1:00 PM,Student Recreation Center,Men's Tennis,Men's Tennis vs  Hawaii Student Recreation Center
Women's Track and Field  Beach Invitational,4/20/18,10:00 AM,4/20/18,11:59 PM,"Long Beach, CA",Women's Track and Field,"Women's Track and Field  Beach Invitational Long Beach, CA"
Men's Track and Field  Beach Invitational,4/20/18,10:00 AM,4/20/18,11:59 PM,"Long Beach, CA",Men's Track and Field,"Men's Track and Field  Beach Invitational Long Beach, CA"
Men's Track and Field  Cardinal Classic,4/20/18,6:00 PM,4/20/18,11:59 PM,"Stanford, CA",Men's Track and Field,"Men's Track and Field  Cardinal Classic Stanford, CA"
Women's Track and Field  Cardinal Classic,4/20/18,6:00 PM,4/20/18,11:59 PM,"Stanford, CA",Women's Track and Field,"Women's Track and Field  Cardinal Classic Stanford, CA"
Baseball vs  San Jose State ,4/20/18,6:00 PM,4/20/18,9:00 PM,"Riverside, CA",Baseball,"Baseball vs  San Jose State  Riverside, CA"
Women's Tennis at  UC Irvine,4/21/18,11AM,4/21/18,2:00 PM,"Irvine, CA",Women's Tennis,"Women's Tennis at  UC Irvine Irvine, CA"
Softball at  UC Davis,4/21/18,1:00 PM,4/21/18,4:00 PM,"Davis, CA",Softball,"Softball at  UC Davis Davis, CA"
Softball at  UC Davis,4/21/18,3:30 PM,4/21/18,6:30 PM,"Davis, CA",Softball,"Softball at  UC Davis Davis, CA"
Baseball vs  San Jose State ,4/21/18,6:00 PM,4/21/18,9:00 PM,"Riverside, CA",Baseball,"Baseball vs  San Jose State  Riverside, CA"
Men's Tennis at  UC Davis,4/21/18,1:30 PM,4/21/18,3:00 PM,"Davis, CA",Men's Tennis,"Men's Tennis at  UC Davis Davis, CA"
Softball at  UC Davis,4/22/18,1:00 PM,4/22/18,4:00 PM,"Davis, CA",Softball,"Softball at  UC Davis Davis, CA"
Baseball vs  San Jose State ,4/22/18,1:00 PM,4/22/18,4:00 PM,"Riverside, CA",Baseball,"Baseball vs  San Jose State  Riverside, CA"
Baseball vs  San Diego State ,4/24/18,6:00 PM,4/24/18,9:00 PM,"Riverside, CA",Baseball,"Baseball vs  San Diego State  Riverside, CA"
Men's Tennis vs  Big West Conference Championships,4/26/18,TBD PM,4/26/18,3:00 AM,"Indian Wells, CA",Men's Tennis,"Men's Tennis vs  Big West Conference Championships Indian Wells, CA"
Women's Tennis vs  Big West Conference,4/26/18,TBD PM,4/26/18,3:00 AM,"Indian Wells, CA",Women's Tennis,"Women's Tennis vs  Big West Conference Indian Wells, CA"
Softball vs  Hawaii,4/27/18,3:00 PM,4/27/18,6:00 PM,"Riverside, CA",Softball,"Softball vs  Hawaii Riverside, CA"
Baseball at  UC Santa Barbara,4/27/18,3:00 PM,4/27/18,6:00 PM,"Santa Barbara, CA",Baseball,"Baseball at  UC Santa Barbara Santa Barbara, CA"
Men's Track and Field  Steve Scott Invitational,4/27/18,4:00 PM,4/27/18,11:59 PM,"Irvine, CA",Men's Track and Field,"Men's Track and Field  Steve Scott Invitational Irvine, CA"
Women's Track and Field  Steve Scott Invitational,4/27/18,4:00 PM,4/27/18,11:59 PM,"Irvine, CA",Women's Track and Field,"Women's Track and Field  Steve Scott Invitational Irvine, CA"
Women's Tennis vs  Big West Conference,4/27/18,TBD PM,4/27/18,3:00 AM,"Indian Wells, CA",Women's Tennis,"Women's Tennis vs  Big West Conference Indian Wells, CA"
Men's Tennis vs  Big West Conference Championships,4/27/18,TBD PM,4/27/18,3:00 AM,"Indian Wells, CA",Men's Tennis,"Men's Tennis vs  Big West Conference Championships Indian Wells, CA"
Softball vs  Hawaii,4/28/18,1:00 PM,4/28/18,4:00 PM,"Riverside, CA",Softball,"Softball vs  Hawaii Riverside, CA"
Baseball at  UC Santa Barbara,4/28/18,2:00 PM,4/28/18,5:00 PM,"Santa Barbara, CA",Baseball,"Baseball at  UC Santa Barbara Santa Barbara, CA"
Softball vs  Hawaii,4/28/18,3:30 PM,4/28/18,6:30 PM,"Riverside, CA",Softball,"Softball vs  Hawaii Riverside, CA"
Women's Tennis vs  Big West Conference,4/28/18,TBD PM,4/28/18,3:00 AM,"Indian Wells, CA",Women's Tennis,"Women's Tennis vs  Big West Conference Indian Wells, CA"
Men's Tennis vs  Big West Conference Championships,4/28/18,TBD PM,4/28/18,3:00 AM,"Indian Wells, CA",Men's Tennis,"Men's Tennis vs  Big West Conference Championships Indian Wells, CA"
Baseball at  UC Santa Barbara,4/29/18,1:00 PM,4/29/18,4:00 PM,"Santa Barbara, CA",Baseball,"Baseball at  UC Santa Barbara Santa Barbara, CA"
Women's Tennis vs  Big West Conference,4/29/18,TBD PM,4/29/18,3:00 AM,"Indian Wells, CA",Women's Tennis,"Women's Tennis vs  Big West Conference Indian Wells, CA"
Men's Golf  Big West Conference,4/29/18, PM,4/30/18,11:59 PM,"Industry, CA",Men's Golf,"Men's Golf  Big West Conference Industry, CA"
Baseball at  San Diego State ,5/1/18,6:00 PM,5/1/18,9:00 PM,"San Diego, CA",Baseball,"Baseball at  San Diego State  San Diego, CA"
General vs  Coaches' Show,5/2/18,6-7 pm,5/2/18,3:00 AM,Lake Alice Trading Company,General,General vs  Coaches' Show Lake Alice Trading Company
Men's Track and Field  Big West Championship (multis),5/4/18,1:00 PM,5/4/18,11:59 PM,"Northridge, CA",Men's Track and Field,"Men's Track and Field  Big West Championship (multis) Northridge, CA"
Women's Track and Field  Big West Championship (multis),5/4/18,1:00 PM,5/4/18,11:59 PM,"Northridge, CA",Women's Track and Field,"Women's Track and Field  Big West Championship (multis) Northridge, CA"
Baseball vs  Long Beach State,5/4/18,6:00 PM,5/4/18,9:00 PM,"Riverside, CA",Baseball,"Baseball vs  Long Beach State Riverside, CA"
Women's Track and Field  Oxy Invitational,5/5/18,10:00 AM,5/5/18,1:00 PM,"Los Angeles, CA",Women's Track and Field,"Women's Track and Field  Oxy Invitational Los Angeles, CA"
Men's Track and Field  Oxy Invitational,5/5/18,10:00 AM,5/5/18,1:00 PM,"Los Angeles, CA",Men's Track and Field,"Men's Track and Field  Oxy Invitational Los Angeles, CA"
Softball vs  UC Santa Barbara,5/5/18,1:00 PM,5/5/18,4:00 PM,"Riverside, CA",Softball,"Softball vs  UC Santa Barbara Riverside, CA"
Softball vs  UC Santa Barbara,5/5/18,3:30 PM,5/5/18,6:30 PM,"Riverside, CA",Softball,"Softball vs  UC Santa Barbara Riverside, CA"
Baseball vs  Long Beach State,5/5/18,6:00 PM,5/5/18,9:00 PM,"Riverside, CA",Baseball,"Baseball vs  Long Beach State Riverside, CA"
Baseball vs  Long Beach State,5/6/18,1:00 PM,5/6/18,4:00 PM,"Riverside, CA",Baseball,"Baseball vs  Long Beach State Riverside, CA"
Softball vs  UC Santa Barbara,5/6/18,1:00 PM,5/6/18,4:00 PM,"Riverside, CA",Softball,"Softball vs  UC Santa Barbara Riverside, CA"
Women's Golf  NCAA Regionals ,5/7/18, PM,5/8/18,11:59 PM,,Women's Golf,Women's Golf  NCAA Regionals  
Baseball at  San Diego,5/8/18,6:00 PM,5/8/18,9:00 PM,"San Diego, CA",Baseball,"Baseball at  San Diego San Diego, CA"
Men's Track and Field  Big West Championship,5/11/18,2:00 PM,5/11/18,11:59 PM,"Northridge, CA",Men's Track and Field,"Men's Track and Field  Big West Championship Northridge, CA"
Women's Track and Field  Big West Championship,5/11/18,2:00 PM,5/11/18,11:59 PM,"Northridge, CA",Women's Track and Field,"Women's Track and Field  Big West Championship Northridge, CA"
Softball at  Cal State Fullerton,5/11/18,6:00 PM,5/11/18,9:00 PM,"Fullerton, CA",Softball,"Softball at  Cal State Fullerton Fullerton, CA"
Baseball at  Cal State Fullerton,5/11/18,7:00 PM,5/11/18,10:00 PM,"Fullerton, CA",Baseball,"Baseball at  Cal State Fullerton Fullerton, CA"
Softball at  Cal State Fullerton,5/12/18,2:00 PM,5/12/18,5:00 PM,"Fullerton, CA",Softball,"Softball at  Cal State Fullerton Fullerton, CA"
Softball at  Cal State Fullerton,5/12/18,4:30 PM,5/12/18,7:30 PM,"Fullerton, CA",Softball,"Softball at  Cal State Fullerton Fullerton, CA"
Baseball at  Cal State Fullerton,5/12/18,6:00 PM,5/12/18,9:00 PM,"Fullerton, CA",Baseball,"Baseball at  Cal State Fullerton Fullerton, CA"
Baseball at  Cal State Fullerton,5/13/18,1:00 PM,5/13/18,4:00 PM,"Fullerton, CA",Baseball,"Baseball at  Cal State Fullerton Fullerton, CA"
Baseball at  UC Irvine,5/18/18,6:30 PM,5/18/18,9:30 PM,"Irvine, CA",Baseball,"Baseball at  UC Irvine Irvine, CA"
Baseball at  UC Irvine,5/19/18,2:00 PM,5/19/18,5:00 PM,"Irvine, CA",Baseball,"Baseball at  UC Irvine Irvine, CA"
Baseball at  UC Irvine,5/20/18,1:00 PM,5/20/18,4:00 PM,"Irvine, CA",Baseball,"Baseball at  UC Irvine Irvine, CA"
Men's Track and Field  NCAA First Round Championship,5/24/18,10:00 AM,5/25/18,11:59 PM,"Sacramento, CA",Men's Track and Field,"Men's Track and Field  NCAA First Round Championship Sacramento, CA"
Women's Track and Field  NCAA First Round Championship,5/24/18,10:00 AM,5/25/18,11:59 PM,"Sacramento, CA",Women's Track and Field,"Women's Track and Field  NCAA First Round Championship Sacramento, CA"
Baseball vs  Cal Poly,5/24/18,6:00 PM,5/24/18,9:00 PM,"Riverside, CA",Baseball,"Baseball vs  Cal Poly Riverside, CA"
Baseball vs  Cal Poly,5/25/18,6:00 PM,5/25/18,9:00 PM,"Riverside, CA",Baseball,"Baseball vs  Cal Poly Riverside, CA"
Baseball vs  Cal Poly,5/26/18,1:00 PM,5/26/18,4:00 PM,"Riverside, CA",Baseball,"Baseball vs  Cal Poly Riverside, CA"
Women's Track and Field  NCAA National Championship,6/6/18,10:00 AM,6/8/18,11:59 PM,"Eugene, OR",Women's Track and Field,"Women's Track and Field  NCAA National Championship Eugene, OR"
Men's Track and Field  NCAA National Championship,6/6/18,10:00 AM,6/8/18,11:59 PM,"Eugene, OR",Men's Track and Field,"Men's Track and Field  NCAA National Championship Eugene, OR"
Men's Track and Field  USATF Junior National Championships,6/15/18,10:00 AM,6/16/18,11:59 PM,,Men's Track and Field,Men's Track and Field  USATF Junior National Championships 
Women's Track and Field  USATF Junior National Championships,6/15/18,10:00 AM,6/16/18,11:59 PM,,Women's Track and Field,Women's Track and Field  USATF Junior National Championships 
Women's Track and Field  USATF Senior National Championships,6/21/18,10:00 AM,6/23/18,11:59 PM,,Women's Track and Field,Women's Track and Field  USATF Senior National Championships 
Men's Track and Field  USATF Senior National Championships,6/21/18,10:00 AM,6/23/18,11:59 PM,,Men's Track and Field,Men's Track and Field  USATF Senior National Championships 